{
  "type": "code",
  "markdownUrl": "/lessons/lesson-4/content.md",
  "files": {
    "/App.js": "// Challenge: Formulario de Registro Completo\n// Objetivo: implementar un formulario con validaciones y diferentes tipos de inputs\n\nimport { useState } from 'react';\n\nexport default function RegistrationForm() {\n  // TODO: Inicializa el estado del formulario\n  // const [formData, setFormData] = useState({ nombre: '', email: '', password: '', pais: '', intereses: [], nivel: '', biografia: '' });\n\n  // TODO: Inicializa el estado de errores\n  // const [errors, setErrors] = useState({ nombre: '', email: '', password: '', pais: '', intereses: '', nivel: '', biografia: '' });\n\n  // TODO: Implementa validación de nombre (mínimo 3 caracteres)\n  function validateNombre(value) {\n    // if (value.length < 3) setErrors(prev => ({ ...prev, nombre: 'El nombre debe tener al menos 3 caracteres' }));\n    // else setErrors(prev => ({ ...prev, nombre: '' }));\n  }\n\n  // TODO: Implementa validación de email (debe contener @ y .)\n  function validateEmail(value) {\n    // Validar formato de email\n  }\n\n  // TODO: Implementa validación de password (mínimo 6 caracteres)\n  function validatePassword(value) {\n    // Validar longitud de contraseña\n  }\n\n  // TODO: Maneja el cambio de inputs de texto\n  function handleInputChange(e) {\n    // Actualiza formData y ejecuta la validación correspondiente\n  }\n\n  // TODO: Maneja el cambio de checkboxes\n  function handleCheckboxChange(e) {\n    // Agrega o remueve del array de intereses\n  }\n\n  // TODO: Maneja el submit del formulario\n  function handleSubmit(e) {\n    e.preventDefault();\n    // Verifica que no haya errores y muestra mensaje de éxito\n  }\n\n  // TODO: Calcula si el botón debe estar deshabilitado\n  // const hasErrors = ...\n  // const isFormIncomplete = ...\n\n  return (\n    <div>\n      {/* TODO: Agrega el título principal */}\n      \n      <form onSubmit={handleSubmit}>\n        {/* TODO: Input de Nombre */}\n        <div>\n          <label>Nombre:</label>\n          {/* input type=\"text\" controlado */}\n          {/* Mensaje de error si existe */}\n        </div>\n\n        {/* TODO: Input de Email */}\n        <div>\n          <label>Email:</label>\n          {/* input type=\"email\" controlado */}\n          {/* Mensaje de error si existe */}\n        </div>\n\n        {/* TODO: Input de Contraseña */}\n        <div>\n          <label>Contraseña:</label>\n          {/* input type=\"password\" controlado */}\n          {/* Mensaje de error si existe */}\n        </div>\n\n        {/* TODO: Select de País */}\n        <div>\n          <label>País:</label>\n          <select>\n            <option value=\"\">Selecciona un país</option>\n            {/* Opciones: peru, colombia, mexico, argentina, chile */}\n          </select>\n          {/* Mensaje de error si existe */}\n        </div>\n\n        {/* TODO: Checkboxes de Intereses */}\n        <div>\n          <label>Intereses:</label>\n          {/* Checkboxes: tecnologia, deportes, arte, musica */}\n          {/* Mensaje de error si existe */}\n        </div>\n\n        {/* TODO: Radio buttons de Nivel */}\n        <div>\n          <label>Nivel de experiencia:</label>\n          {/* Radio buttons: principiante, intermedio, avanzado */}\n          {/* Mensaje de error si existe */}\n        </div>\n\n        {/* TODO: Textarea de Biografía */}\n        <div>\n          <label>Biografía:</label>\n          {/* textarea con maxLength={200} */}\n          {/* Contador de caracteres: X/200 caracteres */}\n        </div>\n\n        {/* TODO: Botón de submit (debe estar deshabilitado si hay errores) */}\n        <button type=\"submit\">Registrarse</button>\n      </form>\n    </div>\n  );\n}"
  },
  "testFiles": {
    "/App.test.js": "import { render, screen, fireEvent } from '@testing-library/react';\nimport '@testing-library/jest-dom';\nimport RegistrationForm from './App';\n\ntest('renderiza el título principal', () => {\n  render(<RegistrationForm />);\n  expect(screen.getByText(/formulario de registro/i)).toBeInTheDocument();\n});\n\ntest('renderiza todos los campos del formulario', () => {\n  render(<RegistrationForm />);\n  expect(screen.getByLabelText(/nombre/i)).toBeInTheDocument();\n  expect(screen.getByLabelText(/email/i)).toBeInTheDocument();\n  expect(screen.getByLabelText(/contraseña/i)).toBeInTheDocument();\n  expect(screen.getByLabelText(/país/i)).toBeInTheDocument();\n  expect(screen.getByText(/intereses/i)).toBeInTheDocument();\n  expect(screen.getByText(/nivel de experiencia/i)).toBeInTheDocument();\n  expect(screen.getByLabelText(/biografía/i)).toBeInTheDocument();\n});\n\ntest('valida nombre con menos de 3 caracteres', () => {\n  render(<RegistrationForm />);\n  const input = screen.getByLabelText(/nombre/i);\n  \n  fireEvent.change(input, { target: { value: 'Ab' } });\n  \n  expect(screen.getByText(/el nombre debe tener al menos 3 caracteres/i)).toBeInTheDocument();\n});\n\ntest('valida email inválido', () => {\n  render(<RegistrationForm />);\n  const input = screen.getByLabelText(/email/i);\n  \n  fireEvent.change(input, { target: { value: 'correosinvalido' } });\n  \n  expect(screen.getByText(/email inválido/i)).toBeInTheDocument();\n});\n\ntest('valida contraseña con menos de 6 caracteres', () => {\n  render(<RegistrationForm />);\n  const input = screen.getByLabelText(/contraseña/i);\n  \n  fireEvent.change(input, { target: { value: '12345' } });\n  \n  expect(screen.getByText(/la contraseña debe tener al menos 6 caracteres/i)).toBeInTheDocument();\n});\n\ntest('permite seleccionar un país', () => {\n  render(<RegistrationForm />);\n  const select = screen.getByLabelText(/país/i);\n  \n  fireEvent.change(select, { target: { value: 'peru' } });\n  \n  expect(select.value).toBe('peru');\n});\n\ntest('permite seleccionar múltiples intereses con checkboxes', () => {\n  render(<RegistrationForm />);\n  const checkboxes = screen.getAllByRole('checkbox');\n  \n  fireEvent.click(checkboxes[0]);\n  fireEvent.click(checkboxes[1]);\n  \n  expect(checkboxes[0]).toBeChecked();\n  expect(checkboxes[1]).toBeChecked();\n});\n\ntest('permite seleccionar nivel con radio buttons', () => {\n  render(<RegistrationForm />);\n  const radios = screen.getAllByRole('radio');\n  \n  fireEvent.click(radios[1]);\n  \n  expect(radios[1]).toBeChecked();\n  expect(radios[0]).not.toBeChecked();\n});\n\ntest('muestra contador de caracteres en biografía', () => {\n  render(<RegistrationForm />);\n  const textarea = screen.getByLabelText(/biografía/i);\n  \n  fireEvent.change(textarea, { target: { value: 'Hola mundo' } });\n  \n  expect(screen.getByText(/10\\/200 caracteres/i)).toBeInTheDocument();\n});\n\ntest('deshabilita el botón cuando hay errores de validación', () => {\n  render(<RegistrationForm />);\n  const button = screen.getByRole('button', { name: /registrarse/i });\n  const nombreInput = screen.getByLabelText(/nombre/i);\n  \n  fireEvent.change(nombreInput, { target: { value: 'Ab' } });\n  \n  expect(button).toBeDisabled();\n});\n\ntest('habilita el botón cuando el formulario es válido', () => {\n  render(<RegistrationForm />);\n  const button = screen.getByRole('button', { name: /registrarse/i });\n  \n  fireEvent.change(screen.getByLabelText(/nombre/i), { target: { value: 'Juan Pérez' } });\n  fireEvent.change(screen.getByLabelText(/email/i), { target: { value: 'juan@example.com' } });\n  fireEvent.change(screen.getByLabelText(/contraseña/i), { target: { value: '123456' } });\n  fireEvent.change(screen.getByLabelText(/país/i), { target: { value: 'peru' } });\n  fireEvent.click(screen.getAllByRole('checkbox')[0]);\n  fireEvent.click(screen.getAllByRole('radio')[0]);\n  \n  expect(button).not.toBeDisabled();\n});\n\ntest('los mensajes de error se muestran en rojo', () => {\n  render(<RegistrationForm />);\n  const input = screen.getByLabelText(/nombre/i);\n  \n  fireEvent.change(input, { target: { value: 'Ab' } });\n  \n  const errorMsg = screen.getByText(/el nombre debe tener al menos 3 caracteres/i);\n  expect(errorMsg).toHaveStyle('color: red');\n});"
  },
  "next": "/lesson/5/1",
  "showTest": false
}
