{
  "type": "one-select",
  "nivel": "3",
  "pregunta": "¿Cuál es la razón más común para usar `e.preventDefault()` en un formulario con React?",
  "opciones": [
    { "clave": "a", "texto": "Para evitar que React borre el estado del componente." },
    {
      "clave": "b",
      "texto": "Para evitar que el navegador recargue la página al enviar el formulario."
    },
    { "clave": "c", "texto": "Para evitar que el usuario escriba números en un input." },
    { "clave": "d", "texto": "Para impedir que se renderice el componente nuevamente." }
  ],
  "correcta": "b",
  "next": "/challenge/4"
}
