{
  "type": "code",
  "markdownUrl": "/lessons/lesson-8//content.md",
  "files": {
    "/App.js": "export default function PerfilUsuario() {\n  // Crea un componente Card que use props.children\n  // Usa el componente Card al menos 2 veces\n  \n  return (\n    <div>\n      <h1>Perfil de Usuario</h1>\n      {/* Tu código aquí */}\n    </div>\n  );\n}"
  },
  "testFiles": {
    "/App.test.js": "import { render, screen } from '@testing-library/react';\nimport '@testing-library/jest-dom';\nimport PerfilUsuario from './App';\n\ntest('muestra el título principal', () => {\n  render(<PerfilUsuario />);\n  expect(screen.getByText(/perfil de usuario/i)).toBeInTheDocument();\n});\n\ntest('muestra el nombre del usuario', () => {\n  render(<PerfilUsuario />);\n  expect(screen.getByText(/juan pérez/i)).toBeInTheDocument();\n});\n\ntest('muestra el email del usuario', () => {\n  render(<PerfilUsuario />);\n  expect(screen.getByText(/juan@example.com/i)).toBeInTheDocument();\n});\n\ntest('muestra la edad del usuario', () => {\n  render(<PerfilUsuario />);\n  expect(screen.getByText(/25 años/i)).toBeInTheDocument();\n});\n\ntest('muestra el título Información Personal', () => {\n  render(<PerfilUsuario />);\n  expect(screen.getByText(/información personal/i)).toBeInTheDocument();\n});\n\ntest('muestra el título Contacto', () => {\n  render(<PerfilUsuario />);\n  expect(screen.getByText(/contacto/i)).toBeInTheDocument();\n});"
  },
  "next": "/",
  "showTest": false
}
