{
  "markdownUrl": "lessons/lesson-8/Nivel4.md",
  "lesson": "Arquitectura y composicion",
  "nivel": "4",
  "prev": "/lesson/8/3",
  "next": "/quizz/8/4",
  "files": {
    "/App.js": "import React from 'react';\r\nimport PropTypes from 'prop-types';\r\n\r\nfunction Tarjeta({ titulo, descripcion, imagen, destacado }) {\r\n  return (\r\n    <div style={{\r\n      border: destacado ? '3px solid #3b82f6' : '2px solid #e2e8f0',\r\n      borderRadius: '8px',\r\n      padding: '20px',\r\n      marginBottom: '20px',\r\n      backgroundColor: destacado ? '#eff6ff' : '#ffffff'\r\n    }}>\r\n      {imagen && (\r\n        <div style={{ \r\n          width: '100%', \r\n          height: '150px', \r\n          backgroundColor: '#e2e8f0',\r\n          borderRadius: '4px',\r\n          marginBottom: '15px',\r\n          display: 'flex',\r\n          alignItems: 'center',\r\n          justifyContent: 'center',\r\n          color: '#64748b'\r\n        }}>\r\n          {imagen}\r\n        </div>\r\n      )}\r\n      <h2 style={{ margin: '0 0 10px 0' }}>{titulo}</h2>\r\n      <p style={{ margin: 0, color: '#64748b' }}>{descripcion}</p>\r\n    </div>\r\n  );\r\n}\r\n\r\n// Implementa propTypes para Tarjeta aqu\u00ED\r\n\r\nfunction Badge({ texto, color, tama\u00F1o }) {\r\n  const colores = {\r\n    azul: '#dbeafe',\r\n    verde: '#dcfce7',\r\n    rojo: '#fee2e2',\r\n    gris: '#f1f5f9'\r\n  };\r\n  \r\n  const tama\u00F1os = {\r\n    peque\u00F1o: '12px',\r\n    mediano: '14px',\r\n    grande: '16px'\r\n  };\r\n  \r\n  return (\r\n    <span style={{\r\n      backgroundColor: colores[color],\r\n      padding: '4px 12px',\r\n      borderRadius: '12px',\r\n      fontSize: tama\u00F1os[tama\u00F1o],\r\n      fontWeight: '500',\r\n      display: 'inline-block'\r\n    }}>\r\n      {texto}\r\n    </span>\r\n  );\r\n}\r\n\r\n// Implementa propTypes y defaultProps para Badge aqu\u00ED\r\n\r\nfunction App() {\r\n  return (\r\n    <div style={{ padding: '20px' }}>\r\n      <h1>Validaci\u00F3n con PropTypes</h1>\r\n      \r\n      <Tarjeta\r\n        titulo=\"Curso de React\"\r\n        descripcion=\"Aprende React desde cero hasta avanzado\"\r\n        imagen=\"\uD83D\uDCDA Imagen del curso\"\r\n        destacado={true}\r\n      />\r\n      \r\n      <Tarjeta\r\n        titulo=\"Curso de JavaScript\"\r\n        descripcion=\"Domina JavaScript moderno\"\r\n      />\r\n      \r\n      <div style={{ display: 'flex', gap: '10px', flexWrap: 'wrap', marginTop: '20px' }}>\r\n        <Badge texto=\"Nuevo\" color=\"azul\" tama\u00F1o=\"peque\u00F1o\" />\r\n        <Badge texto=\"Destacado\" color=\"verde\" tama\u00F1o=\"mediano\" />\r\n        <Badge texto=\"Agotado\" color=\"rojo\" tama\u00F1o=\"grande\" />\r\n        <Badge texto=\"Promoci\u00F3n\" color=\"gris\" />\r\n      </div>\r\n      \r\n      <p style={{ marginTop: '30px', color: '#64748b', fontSize: '14px' }}>\r\n        Abre la consola del navegador para ver las validaciones de PropTypes\r\n      </p>\r\n    </div>\r\n  );\r\n}\r\n\r\nexport default App;"
  }
}
