{
  "markdownUrl": "lessons/lesson-8/Nivel3.md",
  "lesson": "Arquitectura y composicion",
  "nivel": "3",
  "prev": "/lesson/8/2",
  "next": "/quizz/8/3",
  "files": {
    "/App.js": "import React from 'react';\r\n\r\n// Implementa aqu\u00ED el componente Card\r\n\r\n// Implementa aqu\u00ED el componente Dashboard\r\n\r\nfunction App() {\r\n  return (\r\n    <div style={{ padding: '20px' }}>\r\n      <h1>Sistema de Slots</h1>\r\n      \r\n      <Card\r\n        header={<h2 style={{ margin: 0 }}>Producto Destacado</h2>}\r\n        footer={\r\n          <div style={{ display: 'flex', gap: '10px' }}>\r\n            <button style={{ \r\n              padding: '8px 16px', \r\n              backgroundColor: '#3b82f6', \r\n              color: 'white',\r\n              border: 'none',\r\n              borderRadius: '4px',\r\n              cursor: 'pointer'\r\n            }}>\r\n              Comprar\r\n            </button>\r\n            <button style={{ \r\n              padding: '8px 16px', \r\n              backgroundColor: '#64748b', \r\n              color: 'white',\r\n              border: 'none',\r\n              borderRadius: '4px',\r\n              cursor: 'pointer'\r\n            }}>\r\n              Ver Detalles\r\n            </button>\r\n          </div>\r\n        }\r\n      >\r\n        <h3>Laptop Pro 2024</h3>\r\n        <p>Procesador de \u00FAltima generaci\u00F3n, 16GB RAM, 512GB SSD</p>\r\n        <p style={{ fontSize: '24px', fontWeight: 'bold', color: '#3b82f6' }}>\r\n          $1,299.99\r\n        </p>\r\n      </Card>\r\n      \r\n      <Card\r\n        header={<h2 style={{ margin: 0 }}>Notificaci\u00F3n</h2>}\r\n      >\r\n        <p>Tu pedido ha sido enviado y llegar\u00E1 en 2-3 d\u00EDas h\u00E1biles</p>\r\n      </Card>\r\n      \r\n      <Dashboard\r\n        sidebar={\r\n          <div>\r\n            <h3>Men\u00FA</h3>\r\n            <ul style={{ listStyle: 'none', padding: 0 }}>\r\n              <li style={{ padding: '8px 0', cursor: 'pointer' }}>Dashboard</li>\r\n              <li style={{ padding: '8px 0', cursor: 'pointer' }}>Productos</li>\r\n              <li style={{ padding: '8px 0', cursor: 'pointer' }}>Clientes</li>\r\n              <li style={{ padding: '8px 0', cursor: 'pointer' }}>Reportes</li>\r\n            </ul>\r\n          </div>\r\n        }\r\n        main={\r\n          <div>\r\n            <h2>Resumen del D\u00EDa</h2>\r\n            <p>Ventas totales: $3,456.78</p>\r\n            <p>Nuevos clientes: 12</p>\r\n            <p>Pedidos completados: 45</p>\r\n          </div>\r\n        }\r\n        widgets={\r\n          <div>\r\n            <div style={{ padding: '15px', backgroundColor: '#dbeafe', borderRadius: '8px', marginBottom: '10px' }}>\r\n              <strong>Alerta:</strong> Stock bajo en 3 productos\r\n            </div>\r\n            <div style={{ padding: '15px', backgroundColor: '#dcfce7', borderRadius: '8px' }}>\r\n              <strong>\u00C9xito:</strong> Meta del mes alcanzada\r\n            </div>\r\n          </div>\r\n        }\r\n      />\r\n    </div>\r\n  );\r\n}\r\n\r\nexport default App;"
  }
}
