{
  "markdownUrl": "lessons/lesson-8/Nivel2.md",
  "lesson": "Arquitectura y composicion",
  "nivel": "1",
  "prev": "/lesson/8/1",
  "next": "/quizz/8/2",
  "files": {
    "/App.js": "import React from 'react';\r\n\r\n// Implementa aqu\u00ED el componente PageLayout\r\n\r\n// Implementa aqu\u00ED el componente Sidebar\r\n\r\nfunction App() {\r\n  return (\r\n    <PageLayout>\r\n      <Sidebar>\r\n        <h2>Panel de Control</h2>\r\n        <div style={{ \r\n          display: 'grid', \r\n          gridTemplateColumns: 'repeat(2, 1fr)', \r\n          gap: '15px',\r\n          marginTop: '20px'\r\n        }}>\r\n          <div style={{ \r\n            padding: '20px', \r\n            backgroundColor: '#dbeafe', \r\n            borderRadius: '8px' \r\n          }}>\r\n            <h3>Usuarios</h3>\r\n            <p style={{ fontSize: '24px', fontWeight: 'bold' }}>1,234</p>\r\n          </div>\r\n          <div style={{ \r\n            padding: '20px', \r\n            backgroundColor: '#dcfce7', \r\n            borderRadius: '8px' \r\n          }}>\r\n            <h3>Ventas</h3>\r\n            <p style={{ fontSize: '24px', fontWeight: 'bold' }}>$45,678</p>\r\n          </div>\r\n          <div style={{ \r\n            padding: '20px', \r\n            backgroundColor: '#fef3c7', \r\n            borderRadius: '8px' \r\n          }}>\r\n            <h3>Pedidos</h3>\r\n            <p style={{ fontSize: '24px', fontWeight: 'bold' }}>89</p>\r\n          </div>\r\n          <div style={{ \r\n            padding: '20px', \r\n            backgroundColor: '#fce7f3', \r\n            borderRadius: '8px' \r\n          }}>\r\n            <h3>Productos</h3>\r\n            <p style={{ fontSize: '24px', fontWeight: 'bold' }}>456</p>\r\n          </div>\r\n        </div>\r\n      </Sidebar>\r\n    </PageLayout>\r\n  );\r\n}\r\n\r\nexport default App;"
  }
}
