{
  "markdownUrl": "lessons/lesson-8/Nivel5.md",
  "lesson": "Arquitectura y composicion",
  "nivel": "5",
  "prev": "/lesson/8/4",
  "next": "/quizz/8/5",
  "files": {
    "/App.js": "import React, { useState } from 'react';\r\n\r\n// Implementa aqu\u00ED el Custom Hook useContador\r\n\r\nfunction Panel({ titulo, children, color = '#f1f5f9' }) {\r\n  return (\r\n    <div style={{\r\n      border: '2px solid #e2e8f0',\r\n      borderRadius: '8px',\r\n      overflow: 'hidden',\r\n      marginBottom: '20px'\r\n    }}>\r\n      <div style={{ \r\n        padding: '15px', \r\n        backgroundColor: color,\r\n        fontWeight: 'bold',\r\n        fontSize: '18px'\r\n      }}>\r\n        {titulo}\r\n      </div>\r\n      <div style={{ padding: '20px' }}>\r\n        {children}\r\n      </div>\r\n    </div>\r\n  );\r\n}\r\n\r\nfunction ContadorPanel() {\r\n  // Usa el Custom Hook useContador aqu\u00ED\r\n  \r\n  return (\r\n    <Panel titulo=\"Contador con Custom Hook\" color=\"#dbeafe\">\r\n      <div style={{ textAlign: 'center' }}>\r\n        <p style={{ fontSize: '48px', fontWeight: 'bold', margin: '20px 0' }}>\r\n          {valor}\r\n        </p>\r\n        <div style={{ display: 'flex', gap: '10px', justifyContent: 'center' }}>\r\n          <button \r\n            onClick={decrementar}\r\n            style={{ \r\n              padding: '10px 20px', \r\n              backgroundColor: '#ef4444',\r\n              color: 'white',\r\n              border: 'none',\r\n              borderRadius: '4px',\r\n              cursor: 'pointer',\r\n              fontSize: '16px'\r\n            }}\r\n          >\r\n            -\r\n          </button>\r\n          <button \r\n            onClick={reset}\r\n            style={{ \r\n              padding: '10px 20px', \r\n              backgroundColor: '#64748b',\r\n              color: 'white',\r\n              border: 'none',\r\n              borderRadius: '4px',\r\n              cursor: 'pointer',\r\n              fontSize: '16px'\r\n            }}\r\n          >\r\n            Reset\r\n          </button>\r\n          <button \r\n            onClick={incrementar}\r\n            style={{ \r\n              padding: '10px 20px', \r\n              backgroundColor: '#10b981',\r\n              color: 'white',\r\n              border: 'none',\r\n              borderRadius: '4px',\r\n              cursor: 'pointer',\r\n              fontSize: '16px'\r\n            }}\r\n          >\r\n            +\r\n          </button>\r\n        </div>\r\n      </div>\r\n    </Panel>\r\n  );\r\n}\r\n\r\nfunction App() {\r\n  return (\r\n    <div style={{ padding: '20px' }}>\r\n      <h1>Patrones de Reutilizaci\u00F3n en React</h1>\r\n      \r\n      <Panel titulo=\"Composici\u00F3n: Informaci\u00F3n\" color=\"#dcfce7\">\r\n        <h3>\u00BFQu\u00E9 aprendiste hoy?</h3>\r\n        <ul>\r\n          <li><strong>Composici\u00F3n:</strong> Reutilizar estructura visual con children</li>\r\n          <li><strong>Custom Hooks:</strong> Reutilizar l\u00F3gica de estado</li>\r\n          <li><strong>PropTypes:</strong> Validar y documentar componentes</li>\r\n          <li><strong>Slots:</strong> M\u00FAltiples \u00E1reas de contenido</li>\r\n        </ul>\r\n      </Panel>\r\n      \r\n      <ContadorPanel />\r\n      \r\n      <Panel titulo=\"Regla de Oro\" color=\"#fef3c7\">\r\n        <p style={{ fontSize: '16px', lineHeight: '1.6' }}>\r\n          <strong>Para UI reutilizable:</strong> Usa Composici\u00F3n (children) <br/>\r\n          <strong>Para l\u00F3gica reutilizable:</strong> Usa Custom Hooks <br/>\r\n          <strong>Para validaci\u00F3n:</strong> Usa PropTypes <br/>\r\n        </p>\r\n      </Panel>\r\n      \r\n      <div style={{ \r\n        padding: '20px', \r\n        backgroundColor: '#eff6ff', \r\n        borderRadius: '8px',\r\n        textAlign: 'center'\r\n      }}>\r\n        <p style={{ fontSize: '18px', fontWeight: 'bold', margin: 0 }}>\r\n          \u00A1Felicitaciones! Has completado el m\u00F3dulo de Arquitectura y Composici\u00F3n Pr\u00E1ctica\r\n        </p>\r\n      </div>\r\n    </div>\r\n  );\r\n}\r\n\r\nexport default App;"
  }
}
