{
  "type": "one-select",
  "nivel": "2",
  "pregunta": "¿Cuál es la principal función de props.children dentro de un componente Layout en React?",
  "codigo": "import React from 'react'\n\nfunction PageLayout({ children }) {\n  return (\n    <div>\n      <header style={{ padding: '20px', backgroundColor: '#1e293b', color: 'white' }}>\n        <h1>Mi Aplicación</h1>\n      </header>\n\n      <main style={{ padding: '20px', minHeight: '400px' }}>{children}</main>\n\n      <footer style={{ padding: '20px', backgroundColor: '#f1f5f9', textAlign: 'center' }}>\n        © 2025 Mi Empresa\n      </footer>\n    </div>\n  )\n}\n\nfunction Sidebar({ children }) {\n  return (\n    <div style={{ display: 'flex', gap: '20px' }}>\n      <aside\n        style={{\n          width: '200px',\n          backgroundColor: '#f1f5f9',\n          padding: '20px',\n          borderRadius: '8px'\n        }}\n      >\n        <h3>Navegación</h3>\n        <ul style={{ listStyle: 'none', padding: 0 }}>\n          <li style={{ padding: '8px 0' }}>Inicio</li>\n          <li style={{ padding: '8px 0' }}>Perfil</li>\n          <li style={{ padding: '8px 0' }}>Configuración</li>\n        </ul>\n      </aside>\n\n      <main style={{ flex: 1 }}>{children}</main>\n    </div>\n  )\n}\n\nexport default function App() {\n  return (\n    <PageLayout>\n      <Sidebar>\n        <section>\n          <h2>Bienvenido</h2>\n          <p>Este es el contenido principal dentro del Sidebar y del PageLayout.</p>\n        </section>\n      </Sidebar>\n    </PageLayout>\n  )\n}\n",
  "opciones": [
    { "clave": "a", "texto": "Permitir que el Layout modifique directamente el estado global." },
    {
      "clave": "b",
      "texto": "Insertar contenido dinámico dentro de la estructura fija del Layout."
    },
    { "clave": "c", "texto": "Evitar que el componente se renderice más de una vez." },
    { "clave": "d", "texto": "Compartir lógica entre componentes sin usar hooks." }
  ],
  "correcta": "b",
  "next": "/lesson/8/3"
}
