{
  "type": "complete-code",
  "code": [
    "function Card({ header, children, footer }) {",
    "  return (",
    "    <div style={{ border: '1px solid #e2e8f0', borderRadius: '8px' }}>",
    "      { ___1_header___ && (",
    "        <div style={{ padding: '10px', borderBottom: '1px solid #e2e8f0' }}>",
    "          { ___1_header___ }",
    "        </div>",
    "      )}",
    "",
    "      <div style={{ padding: '20px' }}>",
    "        { ___2_children___ }",
    "      </div>",
    "",
    "      { ___3_footer___ && (",
    "        <div style={{ padding: '10px', borderTop: '1px solid #e2e8f0' }}>",
    "          { ___3_footer___ }",
    "        </div>",
    "      )}",
    "    </div>",
    "  );",
    "}",
    "",
    "export default function App() {",
    "  return (",
    "    <Card",
    "      header={<h3>Título</h3>}",
    "      footer={<button>Aceptar</button>}",
    "    >",
    "      <p>Contenido interno usando children</p>",
    "    </Card>",
    "  );",
    "}"
  ],
  "nivel": "3",
  "answer": "Completa los espacios para usar correctamente los slots header, children y footer.",
  "next": "/lesson/8/4"
}
