{
  "type": "code",
  "markdownUrl": "/lessons/lesson-7/content.md",
  "files": {
    "/App.js": "export default function ContadorAvanzado() {\n  // Crea un componente que use useReducer y useRef\n  \n  return (\n    <div>\n      <h1>Contador Avanzado</h1>\n      {/* Tu código aquí */}\n    </div>\n  );\n}"
  },
  "testFiles": {
    "/App.test.js": "import { render, screen, fireEvent } from '@testing-library/react';\nimport '@testing-library/jest-dom';\nimport ContadorAvanzado from './App';\n\ntest('muestra el título', () => {\n  render(<ContadorAvanzado />);\n  const heading = screen.getByRole('heading', { level: 1 });\n  expect(heading).toBeInTheDocument();\n});\n\ntest('muestra el contador inicial en 0', () => {\n  render(<ContadorAvanzado />);\n  expect(screen.getByText(/contador: 0/i)).toBeInTheDocument();\n});\n\ntest('tiene botón incrementar', () => {\n  render(<ContadorAvanzado />);\n  const button = screen.getByRole('button', { name: /incrementar/i });\n  expect(button).toBeInTheDocument();\n});\n\ntest('tiene botón decrementar', () => {\n  render(<ContadorAvanzado />);\n  const button = screen.getByRole('button', { name: /decrementar/i });\n  expect(button).toBeInTheDocument();\n});\n\ntest('tiene botón reset', () => {\n  render(<ContadorAvanzado />);\n  const button = screen.getByRole('button', { name: /reset/i });\n  expect(button).toBeInTheDocument();\n});\n\ntest('tiene input para salto personalizado', () => {\n  render(<ContadorAvanzado />);\n  const input = screen.getByRole('spinbutton');\n  expect(input).toBeInTheDocument();\n});\n\ntest('incrementa el contador', () => {\n  render(<ContadorAvanzado />);\n  const button = screen.getByRole('button', { name: /incrementar/i });\n  \n  fireEvent.click(button);\n  expect(screen.getByText(/contador: 1/i)).toBeInTheDocument();\n});\n\ntest('decrementa el contador', () => {\n  render(<ContadorAvanzado />);\n  const incrementBtn = screen.getByRole('button', { name: /incrementar/i });\n  const decrementBtn = screen.getByRole('button', { name: /decrementar/i });\n  \n  fireEvent.click(incrementBtn);\n  fireEvent.click(incrementBtn);\n  fireEvent.click(decrementBtn);\n  \n  expect(screen.getByText(/contador: 1/i)).toBeInTheDocument();\n});\n\ntest('resetea el contador a 0', () => {\n  render(<ContadorAvanzado />);\n  const incrementBtn = screen.getByRole('button', { name: /incrementar/i });\n  const resetBtn = screen.getByRole('button', { name: /reset/i });\n  \n  fireEvent.click(incrementBtn);\n  fireEvent.click(incrementBtn);\n  fireEvent.click(resetBtn);\n  \n  expect(screen.getByText(/contador: 0/i)).toBeInTheDocument();\n});\n\ntest('enfoca el input al hacer clic en enfocar', () => {\n  render(<ContadorAvanzado />);\n  const input = screen.getByRole('spinbutton');\n  const focusBtn = screen.getByRole('button', { name: /enfocar input/i });\n  \n  fireEvent.click(focusBtn);\n  expect(input).toHaveFocus();\n});\n\ntest('usa useReducer correctamente', () => {\n  const code = ContadorAvanzado.toString();\n  expect(code).toMatch(/useReducer/);\n});\n\ntest('usa useRef correctamente', () => {\n  const code = ContadorAvanzado.toString();\n  expect(code).toMatch(/useRef/);\n});"
  },
  "next": "/lesson/8/1",
  "showTest": false
}
