{
  "markdownUrl": "lessons/lesson-7/Nivel6.md",
  "lesson": "Hooks Avanzados",
  "nivel": "6",
  "prev": "/lesson/7/5",
  "next": "/quizz/7/6",
  "files": {
    "/App.js": "import React, {  } from 'react';\r\n\r\n// Implementa aqu\u00ED el Custom Hook useToggle\r\n\r\nfunction App() {\r\n  // Usa useToggle para mostrarTexto y toggleTexto\r\n  \r\n  // Usa useToggle para modoOscuro y toggleModo\r\n  \r\n  return (\r\n    <div style={{\r\n      backgroundColor: modoOscuro ? '#1e293b' : '#ffffff',\r\n      color: modoOscuro ? '#f1f5f9' : '#1e293b',\r\n      padding: '30px',\r\n      borderRadius: '8px',\r\n      minHeight: '300px'\r\n    }}>\r\n      <h2>Custom Hooks en Acci\u00F3n</h2>\r\n      \r\n      <div style={{ marginBottom: '20px' }}>\r\n        <button \r\n          onClick={toggleModo}\r\n          style={{ \r\n            padding: '10px 20px', \r\n            backgroundColor: modoOscuro ? '#fbbf24' : '#3b82f6',\r\n            color: modoOscuro ? '#1e293b' : 'white',\r\n            border: 'none', \r\n            borderRadius: '4px', \r\n            cursor: 'pointer',\r\n            marginRight: '10px'\r\n          }}\r\n        >\r\n          Modo {modoOscuro ? 'Claro' : 'Oscuro'}\r\n        </button>\r\n        \r\n        <button \r\n          onClick={toggleTexto}\r\n          style={{ \r\n            padding: '10px 20px', \r\n            backgroundColor: '#10b981',\r\n            color: 'white',\r\n            border: 'none', \r\n            borderRadius: '4px', \r\n            cursor: 'pointer'\r\n          }}\r\n        >\r\n          {mostrarTexto ? 'Ocultar' : 'Mostrar'} Texto\r\n        </button>\r\n      </div>\r\n      \r\n      {mostrarTexto && (\r\n        <div style={{ \r\n          padding: '15px', \r\n          backgroundColor: modoOscuro ? '#334155' : '#f1f5f9',\r\n          borderRadius: '8px'\r\n        }}>\r\n          <p>Este texto se puede mostrar y ocultar usando el Custom Hook</p>\r\n          <p>El mismo hook se reutiliza para dos funcionalidades diferentes</p>\r\n        </div>\r\n      )}\r\n      \r\n      <p style={{ marginTop: '20px', fontSize: '14px', opacity: 0.7 }}>\r\n        El Custom Hook useToggle encapsula la l\u00F3gica de alternar valores booleanos\r\n      </p>\r\n    </div>\r\n  );\r\n}\r\n\r\nexport default App;"
  }
}
