{
  "markdownUrl": "lessons/lesson-7/Nivel3.md",
  "lesson": "Hooks Avanzados",
  "nivel": "3",
  "prev": "/lesson/7/2",
  "next": "/quizz/7/3",
  "files": {
    "/App.js": "import React, { useState, useMemo, useCallback } from 'react';\r\n\r\nfunction App() {\r\n  const [numeros, setNumeros] = useState([1, 2, 3, 4, 5]);\r\n  const [texto, setTexto] = useState('');\r\n  \r\n  // Implementa useMemo aqu\u00ED para memorizar numerosPares\r\n  const numerosPares = numeros.filter(n => n % 2 === 0);\r\n  console.log('Calculando n\u00FAmeros pares...');\r\n  \r\n  // Implementa useCallback aqu\u00ED para memorizar agregarNumero\r\n  const agregarNumero = () => {\r\n    const nuevoNumero = Math.floor(Math.random() * 100);\r\n    setNumeros(nums => [...nums, nuevoNumero]);\r\n  };\r\n  \r\n  return (\r\n    <div>\r\n      <h2>Optimizaci\u00F3n por Memorizaci\u00F3n</h2>\r\n      \r\n      <div style={{ marginBottom: '20px' }}>\r\n        <input \r\n          type=\"text\"\r\n          value={texto}\r\n          onChange={(e) => setTexto(e.target.value)}\r\n          placeholder=\"Escribe algo (no recalcula)\"\r\n          style={{ padding: '10px', width: '300px' }}\r\n        />\r\n      </div>\r\n      \r\n      <div style={{ \r\n        padding: '15px', \r\n        backgroundColor: '#f1f5f9', \r\n        borderRadius: '8px',\r\n        marginBottom: '20px'\r\n      }}>\r\n        <p><strong>N\u00FAmeros:</strong> {numeros.join(', ')}</p>\r\n        <p><strong>N\u00FAmeros Pares:</strong> {numerosPares.join(', ')}</p>\r\n        <p style={{ color: '#64748b', fontSize: '14px' }}>\r\n          Total de pares: {numerosPares.length}\r\n        </p>\r\n      </div>\r\n      \r\n      <button \r\n        onClick={agregarNumero}\r\n        style={{ padding: '10px 20px', backgroundColor: '#3b82f6', color: 'white', border: 'none', borderRadius: '4px', cursor: 'pointer' }}\r\n      >\r\n        Agregar N\u00FAmero Aleatorio\r\n      </button>\r\n      \r\n      <p style={{ marginTop: '20px', fontSize: '14px', color: '#64748b' }}>\r\n        Abre la consola y observa cu\u00E1ndo se ejecuta el c\u00E1lculo\r\n      </p>\r\n    </div>\r\n  );\r\n}\r\n\r\nexport default App;"
  }
}
