{
  "markdownUrl": "lessons/lesson-7/Nivel1.md",
  "lesson": "Hooks Avanzados",
  "nivel": "1",
  "next": "/quizz/7/1",
  "files": {
    "/App.js": "import React, { useReducer } from 'react';\r\n\r\n// Implementa aqu\u00ED la funci\u00F3n reducer\r\n\r\nfunction App() {\r\n  // Implementa aqu\u00ED useReducer\r\n  \r\n  return (\r\n    <div>\r\n      <h2>Gestor de Tareas</h2>\r\n      \r\n      <div style={{ \r\n        padding: '20px', \r\n        backgroundColor: '#f1f5f9', \r\n        borderRadius: '8px',\r\n        marginBottom: '20px'\r\n      }}>\r\n        <p style={{ fontSize: '18px' }}>\r\n          <strong>Tareas agregadas:</strong> {state.tareas}\r\n        </p>\r\n        <p style={{ fontSize: '18px' }}>\r\n          <strong>Tareas completadas:</strong> {state.completadas}\r\n        </p>\r\n        <p style={{ fontSize: '18px', color: '#64748b' }}>\r\n          <strong>Pendientes:</strong> {state.tareas - state.completadas}\r\n        </p>\r\n      </div>\r\n      \r\n      <div style={{ display: 'flex', gap: '10px', flexWrap: 'wrap' }}>\r\n        <button \r\n          onClick={() => {/* dispatch agregar */}}\r\n          style={{ padding: '10px 20px', backgroundColor: '#3b82f6', color: 'white', border: 'none', borderRadius: '4px', cursor: 'pointer' }}\r\n        >\r\n          Agregar Tarea\r\n        </button>\r\n        \r\n        <button \r\n          onClick={() => {/* dispatch completar */}}\r\n          style={{ padding: '10px 20px', backgroundColor: '#10b981', color: 'white', border: 'none', borderRadius: '4px', cursor: 'pointer' }}\r\n        >\r\n          Completar Tarea\r\n        </button>\r\n        \r\n        <button \r\n          onClick={() => {/* dispatch reset */}}\r\n          style={{ padding: '10px 20px', backgroundColor: '#ef4444', color: 'white', border: 'none', borderRadius: '4px', cursor: 'pointer' }}\r\n        >\r\n          Reiniciar\r\n        </button>\r\n      </div>\r\n    </div>\r\n  );\r\n}\r\n\r\nexport default App;"
  }
}
