{
  "markdownUrl": "lessons/lesson-7/Nivel2.md",
  "lesson": "Hooks Avanzados",
  "nivel": "2",
  "prev": "/lesson/7/1",
  "next": "/quizz/7/2",
  "files": {
    "/App.js": "import React, { useState, useRef } from 'react';\r\n\r\nfunction App() {\r\n  const [mensaje, setMensaje] = useState('');\r\n  const [texto, setTexto] = useState('');\r\n  \r\n  // Crea aqu\u00ED inputRef con useRef(null)\r\n  \r\n  // Crea aqu\u00ED clicksRef con useRef(0)\r\n  \r\n  const manejarEnfoque = () => {\r\n    // Implementa el enfoque del input usando inputRef.current.focus()\r\n  };\r\n  \r\n  const manejarClick = () => {\r\n    // Incrementa clicksRef.current\r\n    // Actualiza el mensaje mostrando el total de clicks\r\n  };\r\n  \r\n  return (\r\n    <div>\r\n      <h2>Referencias y DOM</h2>\r\n      \r\n      <div style={{ marginBottom: '20px' }}>\r\n        <input \r\n          type=\"text\"\r\n          value={texto}\r\n          onChange={(e) => setTexto(e.target.value)}\r\n          placeholder=\"Escribe algo aqu\u00ED\"\r\n          style={{ padding: '10px', marginRight: '10px', width: '250px' }}\r\n        />\r\n        <button \r\n          onClick={manejarEnfoque}\r\n          style={{ padding: '10px 20px', backgroundColor: '#3b82f6', color: 'white', border: 'none', borderRadius: '4px', cursor: 'pointer' }}\r\n        >\r\n          Enfocar Input\r\n        </button>\r\n      </div>\r\n      \r\n      <div style={{ marginBottom: '20px' }}>\r\n        <button \r\n          onClick={manejarClick}\r\n          style={{ padding: '10px 20px', backgroundColor: '#10b981', color: 'white', border: 'none', borderRadius: '4px', cursor: 'pointer' }}\r\n        >\r\n          Contar Click\r\n        </button>\r\n        <p style={{ marginTop: '10px', color: '#64748b' }}>{mensaje}</p>\r\n      </div>\r\n      \r\n      <p style={{ fontSize: '14px', color: '#64748b' }}>\r\n        El contador de clicks no causa re-renders del componente\r\n      </p>\r\n    </div>\r\n  );\r\n}\r\n\r\nexport default App;"
  }
}
