{
  "markdownUrl": "lessons/lesson-7/Nivel5.md",
  "lesson": "Hooks Avanzados",
  "nivel": "5",
  "prev": "/lesson/7/4",
  "next": "/quizz/7/5",
  "files": {
    "/App.js": "//Recuerda importar el hook\r\nimport React, { useState } from 'react';\r\n\r\n// Generar una lista grande de items\r\nconst todosLosItems = Array.from({ length: 10000 }, (_, i) => \"Item \" + (i+1));\r\n\r\nfunction App() {\r\n  const [busqueda, setBusqueda] = useState('');\r\n  const [itemsFiltrados, setItemsFiltrados] = useState(todosLosItems.slice(0, 50));\r\n  \r\n  // Implementa useTransition aqu\u00ED\r\n  \r\n  const filtrarItems = (valor) => {\r\n    setBusqueda(valor);\r\n    \r\n    // Envuelve esta actualizaci\u00F3n con startTransition\r\n    const filtrados = todosLosItems.filter(item => \r\n      item.toLowerCase().includes(valor.toLowerCase())\r\n    );\r\n    setItemsFiltrados(filtrados.slice(0, 50));\r\n  };\r\n  \r\n  return (\r\n    <div>\r\n      <h2>B\u00FAsqueda con Transici\u00F3n</h2>\r\n      \r\n      <input \r\n        type=\"text\"\r\n        value={busqueda}\r\n        onChange={(e) => filtrarItems(e.target.value)}\r\n        placeholder=\"Busca un item...\"\r\n        style={{ \r\n          padding: '10px', \r\n          width: '300px',\r\n          marginBottom: '20px'\r\n        }}\r\n      />\r\n      \r\n      {isPending && (\r\n        <p style={{ color: '#3b82f6' }}>Actualizando resultados...</p>\r\n      )}\r\n      \r\n      <div style={{ \r\n        maxHeight: '400px', \r\n        overflowY: 'auto',\r\n        border: '1px solid #e2e8f0',\r\n        borderRadius: '8px',\r\n        padding: '10px'\r\n      }}>\r\n        <p style={{ color: '#64748b', marginBottom: '10px' }}>\r\n          Mostrando {itemsFiltrados.length} resultados\r\n        </p>\r\n        {itemsFiltrados.map((item, index) => (\r\n          <div \r\n            key={index}\r\n            style={{ \r\n              padding: '8px', \r\n              borderBottom: '1px solid #f1f5f9'\r\n            }}\r\n          >\r\n            {item}\r\n          </div>\r\n        ))}\r\n      </div>\r\n    </div>\r\n  );\r\n}\r\n\r\nexport default App;"
  }
}
