{
  "markdownUrl": "lessons/lesson-7/Nivel4.md",
  "lesson": "Hooks Avanzados",
  "nivel": "4",
  "prev": "/lesson/7/3",
  "next": "/quizz/7/4",
  "files": {
    "/App.js": "import React, { createContext, useContext, useState } from 'react';\r\n\r\nconst TemaContext = createContext();\r\n\r\nfunction Header() {\r\n  // Implementa useContext aqu\u00ED para obtener tema y cambiarTema\r\n  \r\n  return (\r\n    <header style={{ \r\n      padding: '20px', \r\n      backgroundColor: tema === 'claro' ? '#f1f5f9' : '#1e293b',\r\n      color: tema === 'claro' ? '#1e293b' : '#f1f5f9',\r\n      borderRadius: '8px',\r\n      marginBottom: '20px'\r\n    }}>\r\n      <h2>Mi Aplicaci\u00F3n</h2>\r\n      <button \r\n        onClick={() => cambiarTema(tema === 'claro' ? 'oscuro' : 'claro')}\r\n        style={{ \r\n          padding: '8px 16px', \r\n          backgroundColor: tema === 'claro' ? '#3b82f6' : '#fbbf24',\r\n          color: tema === 'claro' ? 'white' : '#1e293b',\r\n          border: 'none', \r\n          borderRadius: '4px', \r\n          cursor: 'pointer' \r\n        }}\r\n      >\r\n        Cambiar a {tema === 'claro' ? 'Oscuro' : 'Claro'}\r\n      </button>\r\n    </header>\r\n  );\r\n}\r\n\r\nfunction Contenido() {\r\n  // Implementa useContext aqu\u00ED para obtener tema\r\n  \r\n  return (\r\n    <div style={{ \r\n      padding: '20px', \r\n      backgroundColor: tema === 'claro' ? '#ffffff' : '#334155',\r\n      color: tema === 'claro' ? '#1e293b' : '#f1f5f9',\r\n      borderRadius: '8px',\r\n      border: \"2px solid \" + (tema === 'claro' ? '#e2e8f0' : '#475569')\r\n    }}>\r\n      <p>Tema actual: <strong>{tema}</strong></p>\r\n      <p>Este contenido cambia de estilo seg\u00FAn el tema global</p>\r\n    </div>\r\n  );\r\n}\r\n\r\nfunction App() {\r\n  const [tema, setTema] = useState('claro');\r\n  \r\n  const cambiarTema = (nuevoTema) => {\r\n    setTema(nuevoTema);\r\n  };\r\n  \r\n  return (\r\n    <TemaContext.Provider value={{ tema, cambiarTema }}>\r\n      <div>\r\n        <Header />\r\n        <Contenido />\r\n      </div>\r\n    </TemaContext.Provider>\r\n  );\r\n}\r\n\r\nexport default App;"
  }
}
