{
  "type": "complete-code",
  "code": [
    "import React, { useState, ___1_useRef___ } from 'react';",
    "",
    "function App() {",
    "  const [mensaje, setMensaje] = useState('');",
    "  const [texto, setTexto] = useState('');",
    "",
    "  const inputRef = ___1_useRef___(___1_null___);",
    "  const clicksRef = ___2_useRef___(___1_0___);",
    "",
    "  const manejarEnfoque = () => {",
    "    ___1_inputRef___.___1_current___.___1_focus___()",
    "  };",
    "",
    "  const manejarClick = () => {",
    "    clicksRef.current = clicksRef.current + 1;",
    "    setMensaje('Clicks: ' + clicksRef.current);",
    "  };",
    "",
    "  return (",
    "    <div>",
    "      <h2>Referencias y DOM</h2>",
    "",
    "      <div style={{ marginBottom: '20px' }}>",
    "        <input",
    "          ref={inputRef}",
    "          type=\"text\"",
    "          value={texto}",
    "          onChange={(e) => setTexto(e.target.value)}",
    "          placeholder=\"Escribe algo aquí\"",
    "        />",
    "        <button onClick={manejarEnfoque}>Enfocar Input</button>",
    "      </div>",
    "",
    "      <button onClick={manejarClick}>Contar Click</button>",
    "      <p>{mensaje}</p>",
    "    </div>",
    "  );",
    "}",
    "",
    "export default App;"
  ],
  "answer": "Completa los espacios para usar correctamente useRef.",
  "nivel": "2",
  "next": "/lesson/7/3"
}
