{
  "type": "one-select",
  "nivel": "1",
  "pregunta": "¿Qué acción dentro del reducer es la correcta para evitar que 'completadas' supere el total de 'tareas'?",
  "codigo": "function reducer(state, action) {\n  switch (action.type) {\n    case 'completar':\n      return {\n        ...state,\n        completadas: state.completadas < state.tareas\n          ? state.completadas + 1\n          : state.completadas\n      }\n    default:\n      return state;\n  }\n}",
  "opciones": [
    { "clave": "a", "texto": "Incrementar completadas siempre en 1" },
    { "clave": "b", "texto": "Retornar el mismo estado sin cambios" },
    { "clave": "c", "texto": "Incrementar completadas solo si es menor que tareas" },
    { "clave": "d", "texto": "Reiniciar completadas a 0 cuando supere tareas" }
  ],
  "correcta": "c",
  "next": "/lesson/7/2"
}
