{
  "markdownUrl": "lessons/lesson-6/Nivel3.md",
  "lesson": "Efectos secundarios",
  "nivel": "3",
  "prev": "/lesson/6/2",
  "next": "/quizz/6/3",
  "files": {
    "/App.js": "import React, { useState, useEffect } from 'react';\r\n\r\nfunction Cronometro() {\r\n  const [segundos, setSegundos] = useState(0);\r\n  \r\n  // Implementa aqu\u00ED el useEffect con el intervalo y su limpieza\r\n\r\n  \r\n  return (\r\n    <div style={{ padding: '20px', border: '2px solid #3b82f6', borderRadius: '8px' }}>\r\n      <h3>Cron\u00F3metro Activo</h3>\r\n      <p style={{ fontSize: '32px', fontWeight: 'bold', color: '#3b82f6' }}>\r\n        {segundos} segundos\r\n      </p>\r\n    </div>\r\n  );\r\n}\r\n\r\nfunction App() {\r\n  const [mostrar, setMostrar] = useState(true);\r\n\r\n  return (\r\n    <div>\r\n      <h2>Limpieza de Recursos</h2>\r\n      \r\n      <button onClick={() => setMostrar(!mostrar)}>\r\n        {mostrar ? 'Detener' : 'Iniciar'} Cron\u00F3metro\r\n      </button>\r\n      \r\n      <div style={{ marginTop: '20px' }}>\r\n        {mostrar && <Cronometro />}\r\n      </div>\r\n      \r\n      <p style={{ marginTop: '20px', fontSize: '14px', color: '#64748b' }}>\r\n        Al detener el cron\u00F3metro, el intervalo se limpia autom\u00E1ticamente\r\n      </p>\r\n    </div>\r\n  );\r\n}\r\n\r\nexport default App;"
  }
}
