{
  "markdownUrl": "lessons/lesson-6/Nivel1.md",
  "lesson": "Efectos secundarios",
  "nivel": "1",
  "next": "/quizz/6/1",
  "files": {
    "/App.js": "import React, { useState } from 'react';\r\n\r\n    function App() {\r\n      const [clicks, setClicks] = useState(0);\r\n      const [mensaje, setMensaje] = useState('Haz clic en el bot\u00F3n');\r\n      \r\n      // Implementa aqu\u00ED el useEffect\r\n      \r\n      return (\r\n        <div>\r\n          <h2>Contador de Clicks</h2>\r\n          <p>{mensaje}</p>\r\n          <button onClick={() => setClicks(clicks + 1)}>\r\n            Incrementar\r\n          </button>\r\n        </div>\r\n      );\r\n    }\r\n\r\n    export default App;"
  }
}
