{
  "markdownUrl": "lessons/lesson-6/Nivel5.md",
  "lesson": "Efectos secundarios",
  "nivel": "5",
  "prev": "/lesson/6/4",
  "next": "/quizz/6/5",
  "files": {
    "/App.js": "//Luego de corregir los dos errores importa useEffect\r\nimport React, { useState } from 'react';\r\n\r\nfunction App() {\r\n  //el estado del contador sera 0\r\n  const [mensaje, setMensaje] = useState('Iniciando...');\r\n\r\n  // ERROR 1: Este efecto causa un bucle infinito\r\n  // TAREA: Usa useEffect con un mensaje 'componente montado')\r\n  // TAREA 2: Establece el array de dependencias como vacio.\r\n  useEffect(() => {\r\n    setMensaje(\"componente montado correctamente\");\r\n  })\r\n\r\n  // ERROR 1: Este efecto tiene un stale closure\r\n  // TAREA: Usa la forma funcional setContador(c => c + 1)\r\n  useEffect(() => {\r\n    const intervalo = setInterval(() => {\r\n    }, 1000);\r\n      return () => clearInterval(intervalo);\r\n  }, []);\r\n\r\n  return (\r\n    <div>\r\n      <h2>Correcci\u00F3n de Errores</h2>\r\n      <div>\r\n        <p><strong>Estado:</strong> {mensaje}</p>\r\n        <p><strong>Contador:</strong> {contador} segundos</p>\r\n      </div>\r\n      <div style={{ fontSize: '14px', color: '#64748b' }}>\r\n        <p>Si ves este mensaje sin errores en consola, \u00A1lo lograste!</p>\r\n        <p>El contador debe incrementar cada segundo correctamente</p>\r\n      </div>\r\n    </div>\r\n  );\r\n}\r\n\r\nexport default App;"
  }
}
