{
  "type": "one-select",
  "nivel": "1",
  "pregunta": "¿Qué se mostrará en consola cuando el componente se renderiza y cada vez que el contador cambie?",
  "codigo": "import { useState, useEffect } from 'react'\n\nexport default function Contador() {\n  const [contador, setContador] = useState(0);\n\n  useEffect(() => {\n    console.log('El efecto se ejecutó. Contador:', contador);\n  });\n\n  return (\n    <button onClick={() => setContador(contador + 1)}>\n      Clicks: {contador}\n    </button>\n  );\n}",
  "opciones": [
    { "clave": "a", "texto": "Solo se muestra un mensaje en consola al inicio" },
    { "clave": "b", "texto": "Se muestra el mensaje en consola solo cuando se hace clic" },
    {
      "clave": "c",
      "texto": "En el render inicial y en cada actualización"
    },
    { "clave": "d", "texto": "Nunca se muestra nada en consola" }
  ],
  "correcta": "c",
  "next": "/lesson/6/2"
}
