{
  "type": "complete-code",
  "code": [
    "import React, { useState, ___1_useEffect___ } from \"react\";",
    "",
    "export default function App() {",
    "  const [loading, setLoading] = useState(true);",
    "  const [error, setError] = useState(null);",
    "  const [usuarios, setUsuarios] = useState([]);",
    "",
    "  ___2_useEffect___(() => {",
    "    fetch(\"https://jsonplaceholder.typicode.com/users\")",
    "      .then((res) => res. ___3_json___ ())",
    "      .then((data) => {",
    "        setUsuarios(data);",
    "        setLoading(false);",
    "      })",
    "      .catch((err) => {",
    "        setError(err.message);",
    "        setLoading(false);",
    "      });",
    "  }, []);",
    "",
    "  return <div>Usuarios cargados: {usuarios.length}</div>;",
    "}"
  ],
  "answer": "Completa los espacios para que el useEffect y el fetch funcionen correctamente.",
  "nivel": "4",
  "next": "/lesson/6/5"
}
