{
  "type": "one-select",
  "nivel": "2",
  "pregunta": "¿Cuál de estos efectos se ejecutará solo una vez cuando el componente se monte?",
  "codigo": "import { useState, useEffect } from 'react'\n\nexport default function App() {\n  const [nombre, setNombre] = useState('Carlos');\n  const [mensaje, setMensaje] = useState('');\n\n  useEffect(() => {\n    console.log('Nombre cambiado:', nombre);\n  }, [nombre]);\n\n  useEffect(() => {\n    setMensaje('Componente montado');\n  }, []);\n\n  return <p>{mensaje}</p>;\n}",
  "opciones": [
    { "clave": "a", "texto": "El efecto que observa el nombre" },
    { "clave": "b", "texto": "El efecto que usa [nombre] como dependencia" },
    { "clave": "c", "texto": "El efecto que tiene [] como dependencias" },
    { "clave": "d", "texto": "Ambos efectos se ejecutan solo una vez" }
  ],
  "correcta": "c",
  "next": "/lesson/6/3"
}
