{
  "type": "complete-code",
  "code": [
    "import React, { useState, ___1_useEffect___ } from 'react';",
    "",
    "function App() {",
    "  const [mensaje, setMensaje] = useState('Iniciando...');",
    "  const [contador, setContador] = useState(0);",
    "  const arrayDeps = useState([]);",
    "",
    "  // Corrección del bucle infinito",
    "  ___1_useEffect___(() => {",
    "    setMensaje('componente montado correctamente');",
    "  }, ___2_arrayDeps___);",
    "",
    "  // Corrección del stale closure",
    "  ___1_useEffect___(() => {",
    "    const intervalo = setInterval(() => {",
    "      setContador((c) => ___3_c___ + ___4_1___)",
    "    }, 1000);",
    "",
    "    return () => ___6_clearInterval___(intervalo);",
    "  }, ___5_arrayDeps___);",
    "",
    "  return (",
    "    <div>",
    "      <h2>Corrección de Errores</h2>",
    "      <p><strong>Estado:</strong> {mensaje}</p>",
    "      <p><strong>Contador:</strong> {contador} segundos</p>",
    "    </div>",
    "  );",
    "}",
    "",
    "export default App;"
  ],
  "answer": "Completa los espacios para corregir el bucle infinito y el stale closure.",
  "nivel": "5",
  "next": "/challenge/6"
}
