{
  "type": "code",
  "markdownUrl": "/lessons/lesson-5/content.md",
  "files": {
    "/App.js": "// Challenge: Renderizado en React\n// Objetivo: practicar renderizado condicional, listas, optimización y evitar re-renders\n\nimport { useState, useMemo, useCallback } from 'react';\n\nconst usersData = [\n  { id: 1, nombre: 'Juan', edad: 25 },\n  { id: 2, nombre: 'María', edad: 30 },\n  { id: 3, nombre: 'Pedro', edad: 20 },\n  { id: 4, nombre: 'Lucía', edad: 28 }\n];\n\nfunction UserItem({ user, onClick }) {\n  // TODO: Mostrar nombre y edad y ejecutar onClick con id del usuario\n  return <li>{user.nombre} - {user.edad}</li>;\n}\n\nexport default function App() {\n  // TODO: Estados mínimos que vas a necesitar\n  const [isLoggedIn, setIsLoggedIn] = useState(false);\n  const [filter, setFilter] = useState('');\n  const [sortByAge, setSortByAge] = useState(false);\n\n  // TODO: Función para manejar click en usuario\n  const handleClick = useCallback((id) => {\n    // Mostrar id en consola\n  }, []);\n\n  // TODO: Lista filtrada y ordenada (useMemo opcional)\n  const displayedUsers = usersData;\n\n  return (\n    <div>\n      <h1>Challenge: Renderizado en React</h1>\n\n      {/* TODO: Renderizado condicional de mensaje de login */}\n      <p>Por favor inicia sesión</p>\n      <button onClick={() => setIsLoggedIn(!isLoggedIn)}>Toggle Login</button>\n\n      {/* TODO: Input para filtrar usuarios */}\n      <input placeholder=\"Filtrar usuarios\" />\n      <button>Ordenar por edad</button>\n\n      {/* TODO: Renderizar lista de usuarios usando .map() */}\n      <ul>\n        {displayedUsers.map(user => (\n          <UserItem key={user.id} user={user} onClick={handleClick} />\n        ))}\n      </ul>\n    </div>\n  );\n}"
  },
  "testFiles": {
    "/App.test.js": "import { render, screen, fireEvent } from '@testing-library/react';\nimport '@testing-library/jest-dom';\nimport App from './App';\n\ntest('renderiza título principal', () => {\n  render(<App />);\n  expect(screen.getByText(/challenge: renderizado en react/i)).toBeInTheDocument();\n});\n\ntest('muestra mensaje de login correcto', () => {\n  render(<App />);\n  expect(screen.getByText(/por favor inicia sesión/i)).toBeInTheDocument();\n  fireEvent.click(screen.getByText(/toggle login/i));\n  expect(screen.getByText(/bienvenido, usuario/i)).toBeInTheDocument();\n});\n\ntest('filtra usuarios correctamente', () => {\n  render(<App />);\n  const input = screen.getByPlaceholderText(/filtrar usuarios/i);\n  fireEvent.change(input, { target: { value: 'Mar' } });\n  expect(screen.getByText(/maría - 30/i)).toBeInTheDocument();\n  expect(screen.queryByText(/juan - 25/i)).toBeNull();\n});\n\ntest('ordena usuarios por edad', () => {\n  render(<App />);\n  const button = screen.getByText(/ordenar por edad/i);\n  fireEvent.click(button);\n  const items = screen.getAllByRole('listitem');\n  expect(items[0].textContent).toMatch(/pedro - 20/i);\n  expect(items[items.length - 1].textContent).toMatch(/maría - 30/i);\n});\n\ntest('hace click en usuario llama la función', () => {\n  const consoleSpy = jest.spyOn(console, 'log');\n  render(<App />);\n  fireEvent.click(screen.getByText(/juan - 25/i));\n  expect(consoleSpy).toHaveBeenCalledWith('Usuario clickeado', 1);\n  consoleSpy.mockRestore();\n});"
  },
  "next": "/lesson/6/1",
  "showTest": false
}
