{
  "markdownUrl": "lessons/lesson-5/Nivel5.md",
  "lesson": "Renderizado",
  "nivel": "5",
  "next": "/quizz/5/5",
  "prev": "/lesson/5/4",
  "files": {
    "/App.js": "import { useState } from 'react'\n\nexport default function App() {\n  const [count, setCount] = useState(0)\n\n  return (\n    <div>\n      <Header />\n      <ProductList />\n      <button onClick={() => setCount(count + 1)}>Incrementar</button>\n    </div>\n  )\n}\n\nfunction Header() {\n  console.log('Header render')\n  return <h1>Tienda</h1>\n}\n\nfunction ProductList() {\n  console.log('ProductList render')\n  return (\n    <ul>\n      <li>Mouse</li>\n      <li>Teclado</li>\n    </ul>\n  )\n}"
  }
}
