{
  "type": "code",
  "markdownUrl": "/lessons/lesson-3/content.md",
  "files": {
    "/App.js": "// Challenge: Lista de Tareas Interactiva\n// Objetivo: implementar un mini gestor de tareas con eventos, estado y handlers\n\nimport { useState } from 'react';\n\nexport default function TaskManager() {\n  // TODO: Inicializa el estado con las tareas de ejemplo\n  // const [tasks, setTasks] = useState([...]);\n\n  // TODO: Crea un estado para el input de nueva tarea\n  // const [newTask, setNewTask] = useState('');\n\n  // TODO: Implementa la función para agregar tareas\n  function addTask() {\n    // Usa prevState y crypto.randomUUID() para el id\n  }\n\n  // TODO: Implementa la función para marcar/desmarcar tareas\n  function toggleTask(id) {\n    // Usa prevState y map para actualizar el array\n  }\n\n  return (\n    <div>\n      {/* TODO: Agrega el título principal */}\n      \n      {/* TODO: Crea el input controlado y el botón para agregar */}\n      \n      {/* TODO: Renderiza la lista de todas las tareas */}\n      <h2>Tareas</h2>\n      {/* Usa .map() y recuerda agregar key única */}\n\n      {/* TODO: Renderiza solo las tareas completadas */}\n      <h2>Tareas Completadas</h2>\n      {/* Usa .filter() y .map() */}\n    </div>\n  );\n}"
  },
  "testFiles": {
    "/App.test.js": "import { render, screen, fireEvent } from '@testing-library/react';\nimport '@testing-library/jest-dom';\nimport TaskManager from './App';\n\ntest('renderiza el título principal', () => {\n  render(<TaskManager />);\n  expect(screen.getByText(/mi lista de tareas/i)).toBeInTheDocument();\n});\n\ntest('renderiza las tareas iniciales', () => {\n  render(<TaskManager />);\n  expect(screen.getByText(/aprender react/i)).toBeInTheDocument();\n  expect(screen.getByText(/practicar useState/i)).toBeInTheDocument();\n});\n\ntest('agregar una nueva tarea', () => {\n  render(<TaskManager />);\n  const input = screen.getByPlaceholderText(/nueva tarea/i);\n  const button = screen.getByText(/agregar tarea/i);\n  \n  fireEvent.change(input, { target: { value: 'Nueva tarea de prueba' } });\n  fireEvent.click(button);\n  \n  expect(screen.getByText(/nueva tarea de prueba/i)).toBeInTheDocument();\n});\n\ntest('marcar tarea como completada aplica line-through', () => {\n  render(<TaskManager />);\n  const checkboxes = screen.getAllByRole('checkbox');\n  \n  fireEvent.click(checkboxes[0]);\n  \n  const taskSpans = screen.getAllByText(/aprender react/i);\n  const mainTaskSpan = taskSpans.find(el => el.tagName === 'SPAN');\n  expect(mainTaskSpan).toHaveStyle('text-decoration: line-through');\n});\n\ntest('tareas completadas aparecen en sección separada', () => {\n  render(<TaskManager />);\n  const checkboxes = screen.getAllByRole('checkbox');\n  \n  fireEvent.click(checkboxes[0]);\n  \n  const completedSection = screen.getByText(/tareas completadas/i);\n  expect(completedSection).toBeInTheDocument();\n  \n  const allMatches = screen.getAllByText(/aprender react/i);\n  expect(allMatches.length).toBeGreaterThanOrEqual(2);\n});\n\ntest('cada tarea tiene una key única', () => {\n  const originalError = console.error;\n  const errors = [];\n  console.error = (...args) => {\n    errors.push(args);\n  };\n  \n  render(<TaskManager />);\n  \n  console.error = originalError;\n  \n  const hasKeyWarning = errors.some(error => \n    error.some(arg => \n      typeof arg === 'string' && (arg.includes('unique \"key\" prop') || arg.includes('Each child in a list'))\n    )\n  );\n  \n  expect(hasKeyWarning).toBe(false);\n});\n\ntest('input se limpia después de agregar tarea', () => {\n  render(<TaskManager />);\n  const input = screen.getByPlaceholderText(/nueva tarea/i);\n  const button = screen.getByText(/agregar tarea/i);\n  \n  fireEvent.change(input, { target: { value: 'Tarea temporal' } });\n  fireEvent.click(button);\n  \n  expect(input.value).toBe('');\n});"
  },
  "next": "/lesson/4/1",
  "showTest": false
}
