{
  "type": "complete-code",
  "code": [
    "export default function Eventos() {",
    "  function handleClick() {",
    "    alert(\"Botón presionado\");",
    "  }",
    "",
    "  function handleChange(event) {",
    "    console.log(\"Escribiendo:\", ___1_eventtargetvalue___);",
    "  }",
    "",
    "  function handleSubmit(event) {",
    "    ___2_eventpreventDefault___;",
    "    console.log(\"Formulario enviado\");",
    "  }",
    "",
    "  return (",
    "    <form onSubmit={___3_handleSubmit___}>",
    "      <input",
    "        type=\"text\"",
    "        placeholder=\"Escribe aquí\"",
    "        onChange={___4_handleChange___}",
    "      />",
    "",
    "      <button onClick={___5_handleClick___}>Enviar</button>",
    "    </form>",
    "  );",
    "}"
  ],
  "answer": "Completa los espacios marcados para que el formulario funcione correctamente. Omite puntos y parentesis",
  "nivel": "1",
  "next": "/lesson/3/2"
}
