{
  "moduleId": 6,
  "title": "Efectos secundarios",
  "planet": "/src/assets/images/planets/planeta7.png",
  "image": "/src/assets/images/background/space3.png",
  "levels": [
    { "id": 1, "title": "Nivel 1 — Introducción a useEffect" },
    { "id": 2, "title": "Nivel 2 — Controlando la Ejecución" },
    { "id": 3, "title": "Nivel 3 — Limpieza de Recursos" },
    {
      "id": 4,
      "title": "Nivel 4 — Data Fetching y Estados"
    },
    { "id": 5, "title": "Nivel 5 — Errores y Optimización" },
    { "id": 6, "title": "Challenge final" }
  ]
}
