{
  "moduleId": 3,
  "title": "Eventos y estado",
  "planet": "/src/assets/images/planets/planeta4.png",
  "image": "/src/assets/images/background/space6.png",
  "levels": [
    { "id": 1, "title": "Nivel 1 — Eventos (onClick, onChange, onSubmit)" },
    { "id": 2, "title": "Nivel 2 — Handlers (Funciones manejadoras de eventos)" },
    { "id": 3, "title": "Nivel 3 — Estado en React con useState" },
    {
      "id": 4,
      "title": "Nivel 4 — Actualización de Estado Basada en el Estado Anterior (prevState)"
    },
    { "id": 5, "title": "Nivel 5 — Estado con Objetos y Arrays en React" },
    {
      "id": 6,
      "title": "Nivel 6 — Compartir Estado Entre Componentes en React"
    },
    { "id": 7, "title": "Challenge final" }
  ]
}
