{
  "type": "code",
  "markdownUrl": "/lessons/lesson-2/content.md",
  "files": {
    "/App.js": "// Crea el sistema de reseñas de CineMax\n// Muestra 3 películas con toda su información\n\nimport TarjetaPelicula from './TarjetaPelicula';\n\nexport default function App() {\n  // Define la función que maneja el cambio de calificación\n  function cambiarCalificacion(titulo, nuevaCalificacion) {\n    alert(`${titulo} ahora tiene ${nuevaCalificacion} estrellas`);\n  }\n\n  return (\n    <div>\n      <h1>CineMax - Sistema de Reseñas</h1>\n      {/* Agrega 3 tarjetas de películas aquí */}\n    </div>\n  );\n}",
    "/TarjetaPelicula.js": "// Componente de tarjeta de película\n// Recibe: titulo, año, generos, director, calificacion, onCambiarCalificacion, children\n\nexport default function TarjetaPelicula({\n  // Desestructura las props aquí\n}) {\n  return (\n    <div style={{ border: '2px solid #ddd', padding: '15px', margin: '10px', borderRadius: '8px' }}>\n      {/* Tu código aquí */}\n    </div>\n  );\n}"
  },
  "testFiles": {
    "/App.test.js": "import { render, screen, fireEvent } from '@testing-library/react';\nimport '@testing-library/jest-dom';\nimport App from './App';\nimport TarjetaPelicula from './TarjetaPelicula';\n\ntest('renderiza el título principal', () => {\n  render(<App />);\n  expect(screen.getByText(/cinemax - sistema de reseñas/i)).toBeInTheDocument();\n});\n\ntest('muestra al menos 3 películas', () => {\n  render(<App />);\n  const titulos = screen.getAllByRole('heading', { level: 2 });\n  expect(titulos.length).toBeGreaterThanOrEqual(3);\n});\n\ntest('cada película muestra su año', () => {\n  render(<App />);\n  const años = screen.getAllByText(/año:/i);\n  expect(años.length).toBeGreaterThanOrEqual(3);\n});\n\ntest('muestra los géneros de cada película', () => {\n  render(<App />);\n  const generos = screen.getAllByText(/géneros:/i);\n  expect(generos.length).toBeGreaterThanOrEqual(3);\n});\n\ntest('muestra información del director', () => {\n  render(<App />);\n  const directores = screen.getAllByText(/director:/i);\n  expect(directores.length).toBeGreaterThanOrEqual(3);\n});\n\ntest('muestra la calificación de cada película', () => {\n  render(<App />);\n  const calificaciones = screen.getAllByText(/calificación:/i);\n  expect(calificaciones.length).toBeGreaterThanOrEqual(3);\n});\n\ntest('renderiza el children (sinopsis)', () => {\n  const { container } = render(<App />);\n  const sinopsis = container.querySelectorAll('p');\n  expect(sinopsis.length).toBeGreaterThan(0);\n});\n\ntest('tiene botones de calificación', () => {\n  render(<App />);\n  const botones = screen.getAllByRole('button');\n  expect(botones.length).toBeGreaterThanOrEqual(3);\n});\n\n// 🔥 TEST CORREGIDO --- sin usar alert()\ntest('los botones ejecutan el callback', () => {\n  const mockCallback = jest.fn();\n\n  render(\n    <TarjetaPelicula\n      titulo=\"Inception\"\n      año={2010}\n      generos={[\"Sci-Fi\"]}\n      director={{ nombre: \"Christopher Nolan\", nacionalidad: \"Británico\" }}\n      calificacion={9}\n      onCambiarCalificacion={mockCallback}\n    >\n      <p>Sinopsis</p>\n    </TarjetaPelicula>\n  );\n\n  const boton = screen.getByRole('button');\n  fireEvent.click(boton);\n\n  expect(mockCallback).toHaveBeenCalledWith(\"Inception\", 10);\n});\n\n//-------------------------------------------------\n\ntest('importa correctamente el componente TarjetaPelicula', () => {\n  const code = App.toString();\n  expect(code).toMatch(/TarjetaPelicula/i);\n});"
  },
  "next": "/lesson/3/1",
  "showTest": false
}
