{
  "type": "complete-code",
  "code": [
    "function Persona(___1_props___) {",
    "  return (",
    "    <div>",
    "      <h2>Nombre:{props.___2_nombre___}</h2>",
    "      <p>Edad:{props.___3_edad___ años}</p>",
    "    </div>",
    "  );",
    "}",
    "",
    "export default function App() {",
    "  return <Persona nombre='Leonardo' edad={22} />;",
    "}"
  ],
  "answer": "Completa los espacios para que el código funcione correctamente.",
  "nivel": "1",
  "next": "/lesson/2/2"
}
