{
  "type": "code",
  "markdownUrl": "/lessons/lesson-1/content.md",
  "files": {
    "/App.js": "// Crea el catálogo de GameZone\n// Muestra videojuegos con precios, stock y ofertas\n\nexport default function CatalogoProductos() {\n  // Define un array de juegos (mínimo 4)\n  // Cada juego: id, nombre, precio, stock, categoria\n  \n  return (\n    <div>\n      <h1>Mi Tienda Online</h1>\n      {/* Tu código aquí */}\n    </div>\n  );\n}"
  },
  "testFiles": {
    "/App.test.js": "import { render, screen } from '@testing-library/react';\nimport '@testing-library/jest-dom';\nimport CatalogoProductos from './App';\n\ntest('renderiza el título principal', () => {\n \trender(<CatalogoProductos />);\n \texpect(screen.getByText(/mi tienda online/i)).toBeInTheDocument();\n});\n\ntest('muestra al menos 4 productos', () => {\n \trender(<CatalogoProductos />);\n \tconst nombres = screen.getAllByRole('heading', { level: 3 });\n \texpect(nombres.length).toBeGreaterThanOrEqual(4);\n});\n\ntest('muestra el precio de cada producto con símbolo $', () => {\n \trender(<CatalogoProductos />);\n \tconst precios = screen.getAllByText(/\\$/i);\n \texpect(precios.length).toBeGreaterThanOrEqual(4);\n});\n\ntest('muestra estado de disponibilidad', () => {\n \trender(<CatalogoProductos />);\n \tconst disponibles = screen.queryAllByText(/disponible/i);\n \tconst agotados = screen.queryAllByText(/agotado/i);\n \texpect(disponibles.length + agotados.length).toBeGreaterThanOrEqual(4);\n});\n\ntest('muestra alerta de stock bajo', () => {\n \trender(<CatalogoProductos />);\n \tconst alertas = screen.queryAllByText(/solo quedan/i);\n \texpect(alertas.length).toBeGreaterThan(0);\n});\n\ntest('filtra productos de PlayStation', () => {\n \trender(<CatalogoProductos />);\n \texpect(screen.getByText(/juegos de playstation/i)).toBeInTheDocument();\n});\ntest('usa key única en elementos de la lista', () => {\n \t// Espiamos console.error para capturar warnings de React\n \tconst consoleSpy = jest.spyOn(console, 'error').mockImplementation(() => {});\n\n \trender(<CatalogoProductos />);\n\n \t// Si React detecta que falta una key, manda un error o warning\n \texpect(consoleSpy).not.toHaveBeenCalled();\n\n \tconsoleSpy.mockRestore();\n});"
  },
  "next": "/lesson/2/1",
  "showTest": false
}
